-- Alliance Trigger
UPDATE `creature_template` SET `faction_A` = 1802, `faction_H` = 1802, `unit_flags` = `unit_flags` | 0x2 | 0x02000000 WHERE `entry` IN (35379, 36349);
-- Horde Trigger
UPDATE `creature_template` SET `faction_A` = 1801, `faction_H` = 1801, `unit_flags` = `unit_flags` | 0x2 | 0x02000000 WHERE `entry` IN (35380, 36350);

DELETE FROM `creature_template_addon` WHERE `entry` IN (36349, 36350);
INSERT INTO `creature_template_addon` (`entry`, `auras`) VALUES
(35379, '66157'),
(35380, '66157'),
(36349, '68652'),
(36350, '68652');

-- Arathi Basin
DELETE FROM `creature_battleground` WHERE `guid` BETWEEN 151032 AND 151041;
INSERT INTO `creature_battleground` VALUES
(151032, 0, 3),
(151033, 1, 3),
(151034, 2, 3),
(151035, 3, 3),
(151036, 4, 3),
(151037, 0, 4),
(151038, 1, 4),
(151039, 2, 4),
(151040, 3, 4),
(151041, 4, 4);

DELETE FROM `creature` WHERE `guid` BETWEEN 151032 AND 151041;
INSERT INTO `creature` (`guid`, `id`, `map`, `position_x`, `position_y`, `position_z`) VALUES
(151032, 36349, 529, 1166.790039, 1200.130005, -56.708599),
(151033, 36349, 529, 977.015991, 1046.619995, -44.809200),
(151034, 36349, 529, 806.182007, 874.271973, -55.993698),
(151035, 36349, 529, 856.142029, 1148.900024, 11.184700 ),
(151036, 36349, 529, 1146.920044, 848.177979, -110.917000),

(151037, 36350, 529, 1166.790039, 1200.130005, -56.708599),
(151038, 36350, 529, 977.015991, 1046.619995, -44.809200),
(151039, 36350, 529, 806.182007, 874.271973, -55.993698),
(151040, 36350, 529, 856.142029, 1148.900024, 11.184700 ),
(151041, 36350, 529, 1146.920044, 848.177979, -110.917000);

-- Alterac Valley
-- DELETE FROM `creature_battleground` WHERE `guid` BETWEEN 151042 AND 151055;
-- INSERT INTO `creature_battleground` VALUES
-- (151042, 0, 1),
-- (151043, 1, 1),
-- (151044, 2, 1),
-- (151045, 3, 1),
-- (151046, 4, 1),
-- (151047, 5, 1),
-- (151048, 6, 1),

-- (151049, 0, 3),
-- (151050, 1, 3),
-- (151051, 2, 3),
-- (151052, 3, 3),
-- (151053, 4, 3),
-- (151054, 5, 3),
-- (151055, 6, 3);

-- DELETE FROM `creature` WHERE `guid` BETWEEN 151042 AND 151055;
-- INSERT INTO `creature` (`guid`, `id`, `map`, `position_x`, `position_y`, `position_z`) VALUES
-- (151042, 36349, 30, 638.591980, -32.422001, 46.060799),
-- (151043, 36349, 30, 669.007019, -294.078003, 30.290899),
-- (151044, 36349, 30, 77.801300, -404.700012, 46.754902),
-- (151045, 36349, 30, -202.580994, -112.730003, 78.487602),
-- (151046, 36349, 30, -611.961975, -396.170013, 60.835098),
-- (151047, 36349, 30, -1082.449951, -346.822998, 54.921902),
-- (151048, 36349, 30, -1402.209961, -307.431000, 89.442398),

-- (151049, 36350, 30, 638.591980, -32.422001, 46.060799),
-- (151050, 36350, 30, 669.007019, -294.078003, 30.290899),
-- (151051, 36350, 30, 77.801300, -404.700012, 46.754902),
-- (151052, 36350, 30, -202.580994, -112.730003, 78.487602),
-- (151053, 36350, 30, -611.961975, -396.170013, 60.835098),
-- (151054, 36350, 30, -1082.449951, -346.822998, 54.921902),
-- (151055, 36350, 30, -1402.209961, -307.431000, 89.442398);

-- Eye of the Storm
DELETE FROM `creature_battleground` WHERE `guid` BETWEEN 151056 AND 151063;
INSERT INTO `creature_battleground` VALUES
(151056, 0, 0),
(151057, 1, 0),
(151058, 2, 0),
(151059, 3, 0),

(151060, 0, 1),
(151061, 1, 1),
(151062, 2, 1),
(151063, 3, 1);

DELETE FROM `creature` WHERE `guid` BETWEEN 151056 AND 151063;
INSERT INTO `creature` (`guid`, `id`, `map`, `position_x`, `position_y`, `position_z`) VALUES
(151056, 35379, 566, 2044.280029, 1729.680054, 1189.959961),
(151057, 35379, 566, 2048.830078, 1393.650024, 1194.489990),
(151058, 35379, 566, 2286.560059, 1402.359985, 1197.109985),
(151059, 35379, 566, 2284.479980, 1731.229980, 1189.989990),

(151060, 35380, 566, 2044.280029, 1729.680054, 1189.959961),
(151061, 35380, 566, 2048.830078, 1393.650024, 1194.489990),
(151062, 35380, 566, 2286.560059, 1402.359985, 1197.109985),
(151063, 35380, 566, 2284.479980, 1731.229980, 1189.989990);