-- Alliance Trigger
UPDATE `creature_template` SET `faction_A` = 1802, `faction_H` = 1802, `unit_flags` = `unit_flags` | 0x2 | 0x02000000 WHERE `entry` IN (35379, 36349);
-- Horde Trigger
UPDATE `creature_template` SET `faction_A` = 1801, `faction_H` = 1801, `unit_flags` = `unit_flags` | 0x2 | 0x02000000 WHERE `entry` IN (35380, 36350);

DELETE FROM `creature_template_addon` WHERE `entry` IN (36349, 36350, 35379, 35380);
INSERT INTO `creature_template_addon` (`entry`, `auras`) VALUES
(35379, '66157'),
(35380, '66157'),
(36349, '68652'),
(36350, '68652');

-- Arathi Basin
DELETE FROM `creature_battleground` WHERE `guid` BETWEEN 703032 AND 703041;
INSERT INTO `creature_battleground` VALUES
(703032, 0, 3),
(703033, 1, 3),
(703034, 2, 3),
(703035, 3, 3),
(703036, 4, 3),
(703037, 0, 4),
(703038, 1, 4),
(703039, 2, 4),
(703040, 3, 4),
(703041, 4, 4);

DELETE FROM `creature` WHERE `guid` BETWEEN 703032 AND 703041;
INSERT INTO `creature` (`guid`, `id`, `map`, `position_x`, `position_y`, `position_z`) VALUES
(703032, 36349, 529, 1166.790039, 1200.130005, -56.708599),
(703033, 36349, 529, 977.015991, 1046.619995, -44.809200),
(703034, 36349, 529, 806.182007, 874.271973, -55.993698),
(703035, 36349, 529, 856.142029, 1148.900024, 11.184700 ),
(703036, 36349, 529, 1146.920044, 848.177979, -110.917000),

(703037, 36350, 529, 1166.790039, 1200.130005, -56.708599),
(703038, 36350, 529, 977.015991, 1046.619995, -44.809200),
(703039, 36350, 529, 806.182007, 874.271973, -55.993698),
(703040, 36350, 529, 856.142029, 1148.900024, 11.184700 ),
(703041, 36350, 529, 1146.920044, 848.177979, -110.917000);

-- Alterac Valley
-- DELETE FROM `creature_battleground` WHERE `guid` BETWEEN 703042 AND 703055;
-- INSERT INTO `creature_battleground` VALUES
-- (703042, 0, 1),
-- (703043, 1, 1),
-- (703044, 2, 1),
-- (703045, 3, 1),
-- (703046, 4, 1),
-- (703047, 5, 1),
-- (703048, 6, 1),

-- (703049, 0, 3),
-- (703050, 1, 3),
-- (703051, 2, 3),
-- (703052, 3, 3),
-- (703053, 4, 3),
-- (703054, 5, 3),
-- (703055, 6, 3);

-- DELETE FROM `creature` WHERE `guid` BETWEEN 703042 AND 703055;
-- INSERT INTO `creature` (`guid`, `id`, `map`, `position_x`, `position_y`, `position_z`) VALUES
-- (703042, 36349, 30, 638.591980, -32.422001, 46.060799),
-- (703043, 36349, 30, 669.007019, -294.078003, 30.290899),
-- (703044, 36349, 30, 77.801300, -404.700012, 46.754902),
-- (703045, 36349, 30, -202.580994, -112.730003, 78.487602),
-- (703046, 36349, 30, -611.961975, -396.170013, 60.835098),
-- (703047, 36349, 30, -1082.449951, -346.822998, 54.921902),
-- (703048, 36349, 30, -1402.209961, -307.431000, 89.442398),

-- (703049, 36350, 30, 638.591980, -32.422001, 46.060799),
-- (703050, 36350, 30, 669.007019, -294.078003, 30.290899),
-- (703051, 36350, 30, 77.801300, -404.700012, 46.754902),
-- (703052, 36350, 30, -202.580994, -112.730003, 78.487602),
-- (703053, 36350, 30, -611.961975, -396.170013, 60.835098),
-- (703054, 36350, 30, -1082.449951, -346.822998, 54.921902),
-- (703055, 36350, 30, -1402.209961, -307.431000, 89.442398);

-- Eye of the Storm
DELETE FROM `creature_battleground` WHERE `guid` BETWEEN 703056 AND 703063;
INSERT INTO `creature_battleground` VALUES
(703056, 0, 0),
(703057, 1, 0),
(703058, 2, 0),
(703059, 3, 0),

(703060, 0, 1),
(703061, 1, 1),
(703062, 2, 1),
(703063, 3, 1);

DELETE FROM `creature` WHERE `guid` BETWEEN 703056 AND 703063;
INSERT INTO `creature` (`guid`, `id`, `map`, `position_x`, `position_y`, `position_z`) VALUES
(703056, 35379, 566, 2044.280029, 1729.680054, 1189.959961),
(703057, 35379, 566, 2048.830078, 1393.650024, 1194.489990),
(703058, 35379, 566, 2286.560059, 1402.359985, 1197.109985),
(703059, 35379, 566, 2284.479980, 1731.229980, 1189.989990),

(703060, 35380, 566, 2044.280029, 1729.680054, 1189.959961),
(703061, 35380, 566, 2048.830078, 1393.650024, 1194.489990),
(703062, 35380, 566, 2286.560059, 1402.359985, 1197.109985),
(703063, 35380, 566, 2284.479980, 1731.229980, 1189.989990);